timestamp,open,high,low,close,adjusted_close,volume,dividend_amount,split_coefficient
2022-12-01,149.98,150.01,147.34,149.16,149.16,4495924,0,1
2022-11-30,146.19,149.64,145.67,148.9,148.9,6377582,0,1
2022-11-29,145.91,147.1668,145.7,146.49,146.49,2754744,0,1
2022-11-28,147.98,148.24,145.935,146.18,146.18,3538696,0,1
2022-11-25,148.27,149.49,148.101,148.37,148.37,2075156,0,1
2022-11-23,149.1,150.46,148.3,148.75,148.75,3658459,0,1
2022-11-22,147.6,149.35,147.02,149.1,149.1,7062060,0,1
2022-11-21,147.55,147.928,146.45,146.68,146.68,3476208,0,1
2022-11-18,146.56,148.31,145.94,147.64,147.64,4661735,0,1
2022-11-17,143.41,146.18,143.25,146.09,146.09,3955162,0,1
2022-11-16,144.13,144.95,144.0081,144.52,144.52,3445302,0,1
2022-11-15,144.08,146.1609,142,144.34,144.34,4727107,0,1
2022-11-14,142.63,146.08,142.18,144.2,144.2,5245624,0,1
2022-11-11,141.5,144.13,140.96,143.17,143.17,5871264,0,1
2022-11-10,140.26,141.37,138.29,141.23,141.23,5389025,0,1
2022-11-09,137.95,138.9,136.94,137.39,137.39,4720007,1.65,1
2022-11-08,139,140.93,138.72,140.04,138.378132911,5042756,0,1
2022-11-07,136.64,138.7,136.51,138.34,136.698306962,4043062,0,1
2022-11-04,135.65,137.73,134.94,136.96,135.334683544,4177972,0,1
2022-11-03,136.42,136.48,133.97,134.47,132.874232595,4442443,0,1
2022-11-02,137.75,140.17,136.8,136.83,135.206226266,5365264,0,1
2022-11-01,138.25,138.65,136.7,138.2,136.559968354,3590607,0,1
2022-10-31,138.06,138.7699,136.595,138.29,136.648900316,4915270,0,1
2022-10-28,135.56,138.8615,135.22,138.51,136.866289557,5965457,0,1
2022-10-27,135.55,136.4,134.445,134.77,133.170672468,3993168,0,1
2022-10-26,133.72,135.863,132.81,135.01,133.407824367,5140023,0,1
2022-10-25,132,133.3,131.3,132.93,131.352507911,5957623,0,1
2022-10-24,130.9,133.11,129.85,132.69,131.115356013,5610914,0,1
2022-10-21,128.39,130.845,127.59,129.9,128.35846519,7201256,0,1
2022-10-20,126.25,128.96,125.15,128.3,126.777452532,13623115,0,1
2022-10-19,122.36,123.94,121.9875,122.51,121.056162975,5906576,0,1
2022-10-18,123,123.94,121.82,122.94,121.481060127,5120336,0,1
2022-10-17,121.8,122.875,121.43,121.52,120.077911392,5458585,0,1
2022-10-14,121.8,122.54,119.84,120.04,118.615474684,3763840,0,1
2022-10-13,116.1,122.15,115.545,121.79,120.344707278,5837645,0,1
2022-10-12,118,118.81,117.2,117.57,116.174786392,3338754,0,1
2022-10-11,117.46,119.23,116.94,117.8,116.402056962,4043265,0,1
2022-10-10,119.79,119.96,117.04,117.75,116.352650316,5990008,0,1
2022-10-07,121.5,121.8016,118.07,118.82,117.409952532,4499672,0,1
2022-10-06,124.88,125.3,121.77,122.23,120.779485759,5074624,0,1
2022-10-05,124.71,126.46,124.23,125.74,124.247832278,3212872,0,1
2022-10-04,122.8,125.65,122.52,125.5,124.01068038,4566055,0,1
2022-10-03,120.16,122.21,119.6,121.51,120.068030063,4261729,0,1
2022-09-30,121.66,122.43,118.61,118.81,117.400071203,5346108,0,1
2022-09-29,121.85,122.62,120.57,121.63,120.186606013,3817723,0,1
2022-09-28,121.65,123.23,119.81,122.76,121.303196203,4996378,0,1
2022-09-27,122.6,123.95,121.08,121.74,120.295300633,4117215,0,1
2022-09-26,122.3,124.26,121.75,122.01,120.562096519,3987817,0,1
2022-09-23,124.53,125,121.74,122.71,121.253789557,5195693,0,1
2022-09-22,124.76,126.51,124.41,125.31,123.822935127,4038335,0,1
2022-09-21,126.89,127.84,124.92,124.93,123.44744462,3389545,0,1
2022-09-20,126.9,126.99,125.52,126.3,124.801186709,2837485,0,1
2022-09-19,126.49,128.06,126.28,127.73,126.214216772,3981606,0,1
2022-09-16,124.36,127.53,123.83,127.27,125.759675633,9839696,0,1
2022-09-15,127.39,127.465,124.9,125.49,124.000799051,5141671,0,1
2022-09-14,127.5,129,126.845,127.69,126.174691456,3819067,0,1
2022-09-13,129.14,129.909,126.7709,127.25,125.739912975,4565585,0,1
2022-09-12,130.33,130.99,129.89,130.66,129.109446203,3741168,0,1
2022-09-09,128.9,129.49,128.06,129.19,127.656890823,3293365,0,1
2022-09-08,127.2,128.54,126.59,128.47,126.945435127,2964613,0,1
2022-09-07,126.69,127.8667,126.28,127.71,126.194454114,2401513,0,1
2022-09-06,127.8,128.06,126.3,126.72,125.216202532,3345343,0,1
2022-09-02,130.3,130.56,127.24,127.79,126.273504747,3040813,0,1
2022-09-01,128.4,129.8173,127.74,129.66,128.121313291,3396219,0,1
2022-08-31,129.92,130,128.4,128.45,126.925672468,3490380,0,1
2022-08-30,130.56,130.77,129.29,129.58,128.042262658,2407888,0,1
2022-08-29,129.99,131.42,129.57,130.31,128.763599684,2751308,0,1
2022-08-26,134.1,134.18,130.34,130.38,128.832768987,4185254,0,1
2022-08-25,133.65,134.425,133.07,133.98,132.390047468,2706005,0,1
2022-08-24,134.89,135.11,133.11,133.23,131.648947785,2855421,0,1
2022-08-23,135.37,136.1,134.72,134.74,133.141028481,4141798,0,1
2022-08-22,137.65,137.85,135.47,135.55,133.941416139,3093629,0,1
2022-08-19,138.75,139.34,137.66,138.37,136.727950949,3155842,0,1
2022-08-18,137.79,139.12,137.75,139.07,137.419643987,3177726,0,1
2022-08-17,136.46,138.415,136.3,137.79,136.154833861,3667568,0,1
2022-08-16,134.6,137.37,134.4517,136.56,134.93943038,4313600,0,1
2022-08-15,132.96,135.19,132.24,134.93,133.328773734,2791241,0,1
2022-08-12,132.62,134.09,131.98,134.01,132.419691456,2767054,0,1
2022-08-11,132.36,133.225,132,132.54,130.967136076,3501925,0,1
2022-08-10,130.75,131.78,130.34,131.5,129.939477848,3663995,0,1
2022-08-09,129.92,130.79,129.12,129.47,127.933568038,3495991,1.65,1
2022-08-08,133.1,133.35,132.02,132.61,129.387358584,3825145,0,1
2022-08-05,131.25,132.67,131.07,132.48,129.260517798,2586519,0,1
2022-08-04,132.15,132.2866,131.02,131.64,128.440931182,3179789,0,1
2022-08-03,131.82,132.862,131.32,132.34,129.123920029,3088532,0,1
2022-08-02,132.2,132.78,130.51,131.81,128.606799902,4403633,0,1
2022-08-01,130.75,132.7,130.7,132.04,128.831210523,4142099,0,1
2022-07-29,129.52,131,129.31,130.79,127.611587582,5786815,0,1
2022-07-28,128.75,129.81,128.606,129.22,126.079741167,3913680,0,1
2022-07-27,127.97,129.43,127.58,129.12,125.982171332,4175625,0,1
2022-07-26,128.26,129.3,127.63,128.08,124.967445045,3645313,0,1
2022-07-25,128.44,129.1257,127.9,128.54,125.416266287,4702352,0,1
2022-07-22,127.03,128.32,125.71,128.25,125.133313765,6467205,0,1
2022-07-21,128.75,128.81,125.13,127.15,124.060045577,11975361,0,1
2022-07-20,130.7,130.72,128.06,129.18,126.040713233,9882016,0,1
2022-07-19,131.58,132.56,127.72,130.88,127.699400433,29690535,0,1
2022-07-18,140.15,140.31,137.7844,138.13,134.773213492,8231694,0,1
2022-07-15,140.68,140.68,138.61,139.92,136.519713544,4519320,0,1
2022-07-14,135.6,139.43,135.02,139.06,135.68061296,5298351,0,1
2022-07-13,137.18,138.9,136.8,137.18,133.846300057,4123213,0,1
2022-07-12,140.84,141.55,138.565,139.18,135.797696763,3235571,0,1
2022-07-11,140.62,141.87,140.13,141,137.573467765,3912773,0,1
2022-07-08,140.76,141.3203,139.82,140.47,137.056347638,2820928,0,1
2022-07-07,138.91,141.325,138.83,140.83,137.407599045,3897077,0,1
2022-07-06,138,139.14,137.13,138.08,134.724428574,3237059,0,1
2022-07-05,139.97,139.97,135.27,137.62,134.275607332,6274067,0,1
2022-07-01,141,141.67,139.26,141.12,137.690551567,4012106,0,1
2022-06-30,139.58,142.46,139.28,141.19,137.758850452,4878020,0,1
2022-06-29,142.74,143.5213,139.5,140.71,137.290515243,4161491,0,1
2022-06-28,142.92,144.155,141.32,141.86,138.412568349,4065202,0,1
2022-06-27,142.26,143.83,141.95,142.8,139.3297248,3935968,0,1
2022-06-24,139.2,142.37,139.13,142.06,138.607708019,11493012,0,1
2022-06-23,137.14,138.62,136.5,138.44,135.075679982,4547925,0,1
2022-06-22,136.1,138.18,136.03,137.08,133.748730222,3791635,0,1
2022-06-21,135.9,138.5,135.9,137.85,134.500017953,4089272,0,1
2022-06-17,135.99,136.98,132.85,135.02,131.738791614,12968509,0,1
2022-06-16,135.3,136.24,134.39,135.67,132.372995544,5386396,0,1
2022-06-15,136.01,138.45,135.58,137.06,133.729216254,4606887,0,1
2022-06-14,135,136.9501,134.86,135.72,132.421780462,4607785,0,1
2022-06-13,133.97,137.57,133.76,135.11,131.826604466,6486044,0,1
2022-06-10,137.8,137.8,135.25,136.19,132.880358687,4661716,0,1
2022-06-09,140.15,141.04,137.93,137.96,134.607344772,3592551,0,1
2022-06-08,142.07,142.8,140.15,140.83,137.407599045,3005666,0,1
2022-06-07,142.6,142.98,140.96,142.78,139.310210833,2887051,0,1
2022-06-06,142.98,144.73,142,142.88,139.407780669,4767100,0,1
2022-06-03,140.26,142.5794,139.74,141.18,137.749093469,4352213,0,1
2022-06-02,139.45,140.29,136.85,140.15,136.744124165,3734812,0,1
2022-06-01,139.67,140.4699,138.52,139.43,136.041621351,3796488,0,1
2022-05-31,138.2,139.83,136.81,138.84,135.465959323,7978053,0,1
2022-05-27,137.39,139.7394,137.24,139.27,135.885509614,4608215,0,1
2022-05-26,135,137.55,134.52,136.89,133.563347534,3929338,0,1
2022-05-25,132.86,134.82,132.86,134.39,131.124101652,3299303,0,1
2022-05-24,130.57,134.37,130.42,133.8,130.548439624,4189723,0,1
2022-05-23,129.5,131.95,129.42,131.17,127.982352956,3591511,0,1
2022-05-20,130.18,130.37,125.8,128.48,125.357724386,6914458,0,1
2022-05-19,132,132.32,128.71,129.66,126.509048443,5819664,0,1
2022-05-18,137.1,137.615,132.17,132.94,129.70933904,6003015,0,1
2022-05-17,137.19,138.37,135.64,138.37,135.007381097,4372909,0,1
2022-05-16,133.1,136.51,132.41,135.03,131.748548598,4250395,0,1
2022-05-13,133,133.8,131.05,133.6,130.353299953,4195218,0,1
2022-05-12,131.27,133.62,130.41,132.9,129.670311106,5384809,0,1
2022-05-11,129.86,132.96,129.86,130.75,127.572559647,5301131,0,1
2022-05-10,135,135.41,128.43,129.13,125.991928316,8642398,0,1
2022-05-09,134.41,136.345,133.315,134.44,131.17288657,7647933,1.65,1
2022-05-06,135.47,137.99,135.47,137.67,132.69579906,7306396,0,1
2022-05-05,136.46,137.26,134.76,135.92,131.009028897,5957434,0,1
2022-05-04,132.87,137.87,132.14,137.4,132.43555452,5913705,0,1
2022-05-03,133,133.6,131.99,132.52,127.731875437,3688574,0,1
2022-05-02,133,133.77,130.89,133.04,128.233087143,4213477,0,1
2022-04-29,135.13,135.5545,132,132.21,127.433076151,5078660,0,1
2022-04-28,136.85,136.99,134.81,135.74,130.835532537,4477068,0,1
2022-04-27,135.78,137.12,134.63,135.06,130.180101845,4369052,0,1
2022-04-26,139,139.87,136.17,136.19,131.269273436,4887395,0,1
2022-04-25,137.59,139.65,135.19,139.1,134.07413125,5748289,0,1
2022-04-22,139.7,140.4399,137.35,138.25,133.254842885,6508599,0,1
2022-04-21,138.23,141.88,137.35,139.85,134.797032749,9922349,0,1
2022-04-20,135,139.56,133.38,138.32,133.322313692,17770306,0,1
2022-04-19,126.08,129.4,126,129.15,124.483638037,7971361,0,1
2022-04-18,126.6,127.3899,125.53,126.17,121.611309417,4884150,0,1
2022-04-14,128.93,130.58,126.38,126.56,121.987218196,6384180,0,1
2022-04-13,125.64,126.67,124.91,126.14,121.582393357,3064918,0,1
2022-04-12,126.42,127.34,125.5835,125.98,121.42817437,2690998,0,1
2022-04-11,127.95,128.175,126.18,126.37,121.80408315,3202545,0,1
2022-04-08,128.01,128.78,127.27,127.73,123.114944533,3143309,0,1
2022-04-07,128.87,129.2499,126.73,128.55,123.905316838,3538317,0,1
2022-04-06,127.78,129.515,127.25,129.39,124.714966517,3958057,0,1
2022-04-05,129.85,131.23,128.66,128.89,124.233032184,3102238,0,1
2022-04-04,130.26,130.45,128.93,130.27,125.563170942,2811100,0,1
2022-04-01,129.66,130.27,128.06,130.15,125.447506702,4012373,0,1
2022-03-31,130.72,131.88,130,130.02,125.322203775,4274029,0,1
2022-03-30,132.01,133.08,131.39,132.13,127.355966658,2622860,0,1
2022-03-29,132.04,132.84,130.43,131.94,127.172831612,5791032,0,1
2022-03-28,130.82,131.5,129.6,131.47,126.719813339,2483492,0,1
2022-03-25,129.5,131.4,129.31,131.35,126.604149099,3516923,0,1
2022-03-24,128.33,129.37,127.8,129.25,124.580024904,2971075,0,1
2022-03-23,129.08,129.32,128.25,128.3,123.664349672,2924535,0,1
2022-03-22,128.5,129.3,127.85,129.06,124.396889857,2649026,0,1
2022-03-21,129,129.74,127.4,128.1,123.471575939,3379393,0,1
2022-03-18,127.38,128.93,126.37,128.76,124.107729258,7400216,0,1
2022-03-17,127.1,128.29,126.53,127.96,123.336634326,3671903,0,1
2022-03-16,126.5,127.2842,124.71,127.04,122.449875155,4292845,0,1
2022-03-15,124,125.9398,123.22,125.64,121.100459024,4021228,0,1
2022-03-14,124.45,125.16,122.685,123.94,119.461882294,3289440,0,1
2022-03-11,125,126.77,123.91,123.96,119.481159668,4119630,0,1
2022-03-10,125.75,126.03,123.125,124.35,119.857068447,5326835,0,1
2022-03-09,127.41,128.1,125.91,126.22,121.65950285,4403499,0,1
2022-03-08,126.62,128.345,124.82,125.68,121.139013771,4887565,0,1
2022-03-07,126.47,127.905,125.62,126.07,121.51492255,5047358,0,1
2022-03-04,124.4,127.35,124.2103,126.62,122.045050316,4402911,0,1
2022-03-03,124.96,126.665,124.2351,125.93,121.379980937,5206649,0,1
2022-03-02,122.59,124.64,121.8,123.86,119.384772801,4891435,0,1
2022-03-01,122.67,123.39,120.7,121.35,116.965462453,4873331,0,1
2022-02-28,122.21,123.3851,121.0388,122.51,118.083550104,6757332,0,1
2022-02-25,122.05,124.2625,121.45,124.18,119.693210774,4460904,0,1
2022-02-24,120,122.1,118.81,121.97,117.563061025,6563202,0,1
2022-02-23,124.38,124.7,121.87,122.07,117.659447892,4086367,0,1
2022-02-22,124.2,125,122.68,123.92,119.442604921,5306688,0,1
2022-02-18,124.94,125.44,123.61,124.35,119.857068447,4609212,0,1
2022-02-17,128.05,128.5,124.85,124.97,120.454667019,6796997,0,1
2022-02-16,129.45,130.44,128.26,129.18,124.512554097,4875612,0,1
2022-02-15,130.64,131.68,129.61,129.94,125.245094282,4395714,0,1
2022-02-14,132.59,132.65,129.07,130.15,125.447506702,5345289,0,1
2022-02-11,133.9,134.7099,132.38,132.69,127.89573311,4176155,0,1
2022-02-10,135.47,136.56,133.17,133.52,128.695744102,5978640,1.64,1
2022-02-09,137.84,138.35,136.83,137.79,131.199959898,5393478,0,1
2022-02-08,137.23,137.52,135.78,137.02,130.466786452,4181825,0,1
2022-02-07,137.45,137.8223,136.27,137.24,130.676264579,3759046,0,1
2022-02-04,137.86,138.82,136.215,137.15,130.590568982,4142045,0,1
2022-02-03,137,138.76,135.831,137.78,131.190438165,6100777,0,1
2022-02-02,135.7,137.555,135.26,137.25,130.685786312,5357237,0,1
2022-02-01,133.76,135.96,132.5,135.53,129.048048225,6206448,0,1
2022-01-31,134.09,134.09,132.3,133.57,127.181788544,5859043,0,1
2022-01-28,133.19,134.53,131.79,134.5,128.067309719,5471497,0,1
2022-01-27,133.66,134.75,132.08,132.52,126.182006573,5499566,0,1
2022-01-26,136.47,137.07,133.13,134.26,127.838788126,8335992,0,1
2022-01-25,129.14,137.3361,128.3,136.1,129.59078701,19715698,0,1
2022-01-24,127.99,129.15,124.193,128.82,122.658965339,13777648,0,1
2022-01-21,131.65,131.87,129.27,129.35,123.163617191,5906950,0,1
2022-01-20,131.26,132.88,130.5705,130.82,124.563311952,5278244,0,1
2022-01-19,132.9,133.9,131.5,131.58,125.286963665,4099035,0,1
2022-01-18,132.95,133.89,131.78,132.94,126.581919361,5236258,0,1
2022-01-14,134.55,135.14,133.3,134.21,127.791179461,5310305,0,1
2022-01-13,133.9,136.05,133.56,134.76,128.314874779,4868349,0,1
2022-01-12,133.25,134.47,131.37,133.59,127.20083201,5352014,0,1
2022-01-11,130.52,133.25,127.97,132.87,126.51526723,11081210,0,1
2022-01-10,134.47,136.2,133.38,135.03,128.571961572,5432807,0,1
2022-01-07,134.9,135.6618,133.5111,134.83,128.381526911,5238099,0,1
2022-01-06,138.2,138.4099,132.51,135.34,128.867135297,9908081,0,1
2022-01-05,138.31,142.2,137.88,138.22,131.609394419,8956910,0,1
2022-01-04,136.1,139.95,135.9,138.02,131.418959758,7300011,0,1
2022-01-03,134.07,136.295,133.63,136.04,129.533656611,4610665,0,1
2021-12-31,134,134.99,133.61,133.66,127.267484142,3315313,0,1
2021-12-30,133.75,134.37,133.33,133.91,127.505527469,3158111,0,1
2021-12-29,132.4,134.21,132.3,133.35,126.972310417,4239935,0,1
2021-12-28,131.6,133.22,131.59,132.63,126.286745636,3447079,0,1
2021-12-27,130.63,131.65,129.95,131.62,125.325050597,4294499,0,1
2021-12-23,130,130.96,129.52,130.63,124.382399023,3649044,0,1
2021-12-22,129.06,129.79,127.6,129.75,123.544486514,3923198,0,1
2021-12-21,127.66,129.3356,127.66,128.97,122.801791335,4855972,0,1
2021-12-20,125.72,127.2,124.7,127.06,120.983140319,4941411,0,1
2021-12-17,125.87,128.64,125.2093,127.4,121.306879243,10382693,0,1
2021-12-16,123.51,126.6399,123.475,125.93,119.907184483,7280537,0,1
2021-12-15,123.8,124.815,122.18,123.11,117.222055759,4990028,0,1
2021-12-14,122.35,125.03,122.3,123.76,117.840968408,5716124,0,1
2021-12-13,123.76,124.3554,120.79,122.58,116.717403906,6847468,0,1
2021-12-10,124.3,125.33,123.36,124.09,118.155185599,4966921,0,1
2021-12-09,122.15,123.95,121.79,123.57,117.66005548,4601092,0,1
2021-12-08,122,123.38,121.52,123.02,117.136360161,5483948,0,1
2021-12-07,120.475,122.08,120.07,121.58,115.7652306,5193991,0,1
2021-12-06,119.4,121.15,119.4,119.91,114.175101178,4785560,0,1
2021-12-03,117.36,119.36,117.36,118.84,113.15627574,6630139,0,1
2021-12-02,117.37,117.98,116.56,116.9,111.309059526,5267149,0,1
2021-12-01,118.25,118.93,116.85,116.92,111.328102992,5959867,0,1
2021-11-30,117.5,119.2399,116.45,117.1,111.499494187,9252701,0,1
2021-11-29,118.62,119.61,117.53,118.5,112.832536816,8949795,0,1
2021-11-26,115,116.335,114.56,115.81,110.271190622,3322012,0,1
2021-11-24,116.16,117.27,116.08,116.73,111.147190064,3220802,0,1
2021-11-23,116.79,117.94,116.04,116.79,111.204320462,4914995,0,1
2021-11-22,116,118.81,115.19,116.47,110.899625004,6417218,0,1
2021-11-19,116.49,116.56,115.27,116.05,110.499712215,5384548,0,1
2021-11-18,118.36,118.36,116.31,116.66,111.080537932,5047879,0,1
2021-11-17,118.38,119.33,117.78,118.06,112.413580561,4043289,0,1
2021-11-16,118.92,119.9,118.42,118.46,112.794449884,4750760,0,1
2021-11-15,119.54,120.16,118.31,118.87,113.184840939,5046321,0,1
2021-11-12,120,120.64,118.78,118.96,113.270536537,5376966,0,1
2021-11-11,120.9,121.7894,120.08,120.27,114.517883568,4643257,0,1
2021-11-10,121,122.43,119.932,120.22,114.470274903,6268961,0,1
2021-11-09,122.56,122.9,120.26,120.85,115.070144086,7195453,1.64,1
2021-11-08,123.985,124.78,123.53,124.54,116.995964932,5625275,0,1
2021-11-05,121.43,123.77,121.43,123.61,116.122299865,6790478,0,1
2021-11-04,123.05,123.34,119.9,120.85,113.52948741,7208736,0,1.046
2021-11-03,126.23,127.29,125.68,127.13,114.17693611,5421406,0,1
2021-11-02,126.3,127.17,124.91,126.18,113.323730027,4496393,0,1
2021-11-01,125.05,126.31,123.8375,126.28,113.413541194,5874767,0,1
2021-10-29,125.43,126.32,124.91,125.1,112.353769428,5916789,0,1
2021-10-28,125.17,126.31,124.62,125.84,113.018372061,6503003,0,1
2021-10-27,127.44,127.88,125.01,125.17,112.416637244,6973432,0,1
2021-10-26,127.52,128.3,126.755,127.13,114.17693611,8520872,0,1
2021-10-25,127.53,128.65,126.94,127.64,114.634973059,6374038,0,1
2021-10-22,128.05,130.25,126.611,127.88,114.850519859,11582195,0,1
2021-10-21,133.51,133.72,128.1,128.33,115.254670109,31466529,0,1
2021-10-20,141.68,142.2,140.7,141.9,127.442045418,6189255,0,1
2021-10-19,141.08,142.94,140.5201,141.98,127.513894351,4339548,0,1
2021-10-18,144,144.94,141.759,142.32,127.819252318,6154055,0,1
2021-10-15,143.39,144.85,142.79,144.61,129.875928033,3222778,0,1
2021-10-14,141.04,143.92,141.01,143.39,128.7802318,4217305,0,1
2021-10-13,140.52,141.41,139.66,140.76,126.418198119,2880747,0,1
2021-10-12,142.21,142.3,140.3,140.47,126.157745735,3148559,0,1
2021-10-11,143.5,144.08,142.4,142.43,127.918044601,2793298,0,1
2021-10-08,141.81,143.65,141.05,143.22,128.627552817,3731279,0,1
2021-10-07,142.73,143.395,141.53,141.81,127.361215368,3823803,0,1
2021-10-06,142.48,143.37,140.89,142.36,127.855176784,5328433,0,1
2021-10-05,144.75,145,142.64,143.15,128.564685,6976648,0,1
2021-10-04,142.74,146,142.3501,144.11,129.4268722,7351128,0,1
2021-10-01,141,143.97,140.37,143.32,128.717363984,6604064,0,1
2021-09-30,140,140.57,138.5,138.93,124.77465377,5824431,0,1
2021-09-29,137.73,139.93,136.44,139.18,124.999181686,3774236,0,1
2021-09-28,139.17,139.688,137.21,137.47,123.463410737,4314595,0,1
2021-09-27,137.96,139.065,137.48,138.56,124.442352453,3306865,0,1
2021-09-24,137.03,138.48,136.75,137.49,123.48137297,2964397,0,1
2021-09-23,135.25,137.42,135.03,136.73,122.798808104,3013238,0,1
2021-09-22,133.72,135.37,133.47,134.63,120.912773605,3602416,0,1
2021-09-21,135.11,135.65,132.94,132.97,119.42190824,4074528,0,1
2021-09-20,133.9,135.18,132.78,134.31,120.625377872,4770651,0,1
2021-09-17,135.75,135.9199,135.05,135.23,121.451640605,5633480,0,1
2021-09-16,137.28,137.95,135.71,136.43,122.529374604,2643975,0,1
2021-09-15,136.22,137.8,135.67,137.2,123.220920587,3254122,0,1
2021-09-14,138.4,138.57,135.34,136.22,122.340771154,4454291,0,1
2021-09-13,138.4,138.99,137.51,138.15,124.07412667,4144345,0,1
2021-09-10,138.82,139.3699,137,137.02,123.059260487,3975115,0,1
2021-09-09,137.85,138.96,137.555,137.74,123.705900887,3508363,0,1
2021-09-08,138.14,139.09,137.6,138.67,124.541144736,2985409,0,1
2021-09-07,139.65,139.79,137.7614,138.06,123.99329662,3285363,0,1
2021-09-03,139.68,140.47,139.3,139.58,125.358426353,1924215,0,1
2021-09-02,139.72,140.05,139.03,140.01,125.744614369,2715659,0,1
2021-09-01,139.98,140.0699,139.19,139.3,125.106955086,2474544,0,1
2021-08-31,139.54,140.94,138.95,140.34,126.040991219,4235101,0,1
2021-08-30,139.5,139.88,138.815,138.97,124.810578236,1995526,0,1
2021-08-27,138.71,139.585,138.4,139.41,125.205747369,2459643,0,1
2021-08-26,139.97,140.8,138.71,138.78,124.63993702,2498915,0,1
2021-08-25,139.92,140.8,139.46,139.86,125.609897619,2012817,0,1
2021-08-24,139.78,140.23,139.32,139.84,125.591935386,2365638,0,1
2021-08-23,139.62,140.15,138.8,139.62,125.394350819,3039587,0,1
2021-08-20,137.74,139.38,137.27,139.11,124.936313869,2657763,0,1
2021-08-19,138.69,139.45,137.21,138.02,123.957372153,4160129,0,1
2021-08-18,141.67,141.915,139.39,139.47,125.259634069,3510694,0,1
2021-08-17,143,143.16,141.09,142.42,127.909063484,3074078,0,1
2021-08-16,143.23,143.74,142.23,143.59,128.959854134,2786343,0,1
2021-08-13,142.64,143.58,142.44,143.18,128.59162835,1908951,0,1
2021-08-12,142.26,143.15,142.0766,143.07,128.492836067,2089418,0,1
2021-08-11,141.78,142.7685,141.5,142.13,127.648611101,4259952,0,1
2021-08-10,141.21,141.811,140.34,141.38,126.975027352,5299869,0,1
2021-08-09,142.2,142.495,140.97,141.25,126.858272835,4904065,1.64,1
2021-08-06,143,144.39,142.89,144.09,127.923637293,3826835,0,1
2021-08-05,143.03,143.41,142.22,142.77,126.751736389,2757389,0,1
2021-08-04,143.8,144.18,142.47,142.76,126.742858352,2830079,0,1
2021-08-03,141.9,144.7,141.65,144.07,127.905881219,4084724,0,1
2021-08-02,141.45,143.06,141.03,141.42,125.553201374,2929540,0,1
2021-07-30,141.52,141.85,140.79,140.96,125.144811665,3535555,0,1
2021-07-29,142.33,142.96,141.6,141.93,126.005981269,2657669,0,1
2021-07-28,143.01,143.1,141.64,141.77,125.863932674,2544099,0,1
2021-07-27,142.53,143.64,141.6,142.75,126.733980315,3137027,0,1
2021-07-26,141.39,143,141.13,142.77,126.751736389,4246266,0,1
2021-07-23,140.96,141.7,140.33,141.34,125.482177077,4474157,0,1
2021-07-22,141.66,141.81,140.41,140.71,124.922860736,3314153,0,1
2021-07-21,139.97,141.39,139.65,141.3,125.446664928,4803977,0,1
2021-07-20,143,144.92,138.7,139.97,124.265885987,13611675,0,1
2021-07-19,136.45,138.49,136.2089,137.92,122.445888371,8582302,0,1
2021-07-16,141,141,138.59,138.9,123.315936012,4109308,0,1
2021-07-15,139.32,140.46,138.8005,140.45,124.69203177,3639698,0,1
2021-07-14,140.72,140.75,138.9273,139.82,124.13271543,4403752,0,1
2021-07-13,140.92,140.92,139.63,140.28,124.541105139,3164294,0,1
2021-07-12,141.43,141.9599,140.115,140.92,125.109299516,3342627,0,1
2021-07-09,141.45,141.98,140.841,141.52,125.641981745,3904059,0,1
2021-07-08,137.78,141.31,137.66,140.74,124.949494848,5487425,0,1
2021-07-07,138.76,140.33,138.76,139.82,124.13271543,4059667,0,1
2021-07-06,139.99,140.42,137.1,138.78,123.209399566,8093747,0,1
2021-07-02,146.91,146.95,139.46,140.02,124.310276173,16828161,0,1
2021-07-01,146.96,147.5,146.57,146.84,130.365097509,2686289,0,1
2021-06-30,145.13,146.93,144.71,146.59,130.14314658,3245091,0,1
2021-06-29,145.26,146.74,145.1,145.55,129.219830717,2428626,0,1
2021-06-28,147.01,147.3,144.9121,145.29,128.989001751,3888869,0,1
2021-06-25,145.38,146.93,144.945,146.84,130.365097509,3594218,0,1
2021-06-24,145.8,146.19,144.69,145.44,129.122172308,3609679,0,1
2021-06-23,146.43,146.5,144.57,144.61,128.385295225,3202644,0,1
2021-06-22,146.52,146.81,145.35,146.36,129.938951726,2437121,0,1
2021-06-21,144.11,147.07,144.06,146.65,130.196414803,4285711,0,1
2021-06-18,144.48,144.68,143.04,143.12,127.062467689,9156505,0,1
2021-06-17,147.55,148.06,145.28,145.6,129.264220903,4367387,0,1
2021-06-16,149.76,149.76,147.22,147.83,131.244023187,3795420,0,1
2021-06-15,149.85,149.91,148.6,149.36,132.602362871,2513281,0,1
2021-06-14,150.71,151.03,148.655,150.03,133.19719136,3344845,0,1
2021-06-11,150.43,151.845,150.37,151.28,134.306946004,3438255,0,1
2021-06-10,151.47,152.84,149.76,150.54,133.649971255,4758488,0,1
2021-06-09,149.03,151.07,148.82,150.67,133.765385738,5303252,0,1
2021-06-08,148.12,150.2,148.12,149.07,132.344899794,5080099,0,1
2021-06-07,147.55,148.74,147.17,148.02,131.412705893,3462712,0,1
2021-06-04,146,147.55,145.76,147.42,130.880023664,3117905,0,1
2021-06-03,144.91,145.88,144.04,145.55,129.219830717,4130741,0,1
2021-06-02,144.62,145.75,144.11,145.72,129.370757348,2786916,0,1
2021-06-01,145,145.83,143.75,144.19,128.012417664,2417455,0,1
2021-05-28,144.21,144.33,143.485,143.74,127.612905993,2534811,0,1
2021-05-27,143.82,144.77,143.63,143.82,127.68393029,5630345,0,1
2021-05-26,143.5,143.9894,143.04,143.38,127.293296655,3083789,0,1
2021-05-25,144.92,145,143.2,143.79,127.657296178,3937323,0,1
2021-05-24,145.06,145.39,144.18,144.72,128.482953633,3297570,0,1
2021-05-21,144.28,145.699,144.28,144.74,128.500709708,4033482,0,1
2021-05-20,143.12,144.91,142.16,143.88,127.737198513,4112690,0,1
2021-05-19,142.32,143.2,140.92,143.19,127.124613949,4300732,0,1
2021-05-18,144.78,145.3,143.23,143.91,127.763832624,3824050,0,1
2021-05-17,144.44,145.8,144.33,145.11,128.829197082,4275172,0,1
2021-05-14,145.11,145.69,143.96,144.68,128.447441485,2747385,0,1
2021-05-13,141.45,144.9,141.28,144.17,127.99466159,4598920,0,1
2021-05-12,143.84,144.15,141.14,141.3,125.446664928,5959579,0,1
2021-05-11,144.99,145.19,142.9,144.22,128.039051776,7126404,0,1
2021-05-10,145.8,148.38,145.8,146.17,129.77026902,6983377,0,1
2021-05-07,145.92,146.14,144.57,145.46,129.139928382,7003467,1.64,1
2021-05-06,145.26,148.515,145.18,148.42,130.298763906,7503487,0,1
2021-05-05,145.94,145.94,144.97,145.22,127.489465668,4999900,0,1
2021-05-04,144.41,146.59,144.33,145.75,127.954755688,6350479,0,1
2021-05-03,143.81,145.75,143.55,144.75,127.076849989,5733463,0,1
2021-04-30,143.7,143.83,140.55,141.88,124.557260632,8872181,0,1
2021-04-29,144.13,148.74,142.98,144.24,126.629118082,4353880,0,1
2021-04-28,142.92,143.4,142.1,143,125.540515015,3768129,0,1
2021-04-27,141.69,142.56,140.75,142.01,124.671388372,3884037,0,1
2021-04-26,142.42,143.63,141.48,141.57,124.285109865,4710763,0,1
2021-04-23,141.31,143.61,140.95,142.43,125.040108766,4556700,0,1
2021-04-22,143.7,144.74,141,141.28,124.030517212,7101368,0,1
2021-04-21,138.06,143.73,137.71,143.55,126.02336315,11909005,0,1
2021-04-20,137.07,139.77,136.7,138.16,121.29145143,15480579,0,1
2021-04-19,133.6,133.815,132.58,133.12,116.866806705,8198582,0,1
2021-04-16,133,134.1,132.95,133.59,117.279422383,5291756,0,1
2021-04-15,133.28,133.87,132.22,132.58,116.392737627,3883955,0,1
2021-04-14,131.305,132.78,130.52,132.63,116.436632912,5868049,0,1
2021-04-13,133,133.62,130.38,131.18,115.163669648,8033530,0,1
2021-04-12,135.02,135.37,133.85,134.59,118.157328083,3753959,0,1
2021-04-09,134.87,135.74,134.71,135.73,119.15814058,3023916,0,1
2021-04-08,134.57,135.6299,134.16,135.12,118.622618104,4087228,0,1
2021-04-07,133.84,134.94,133.78,134.93,118.455816021,2976136,0,1
2021-04-06,135.58,135.64,134.09,134.22,117.832502974,3620964,0,1
2021-04-05,133.64,136.69,133.4,135.93,119.33372172,5471616,0,1
2021-04-01,133.76,133.93,132.27,133.23,116.963376332,4074161,0,1
2021-03-31,134.54,134.71,132.71,133.26,116.989713503,4945315,0,1
2021-03-30,135.86,136.27,134.02,134.72,118.271455824,4790366,0,1
2021-03-29,135.98,137.07,135.51,135.86,119.272268321,4622664,0,1
2021-03-26,133.29,136.48,133.12,136.38,119.728779285,5567592,0,1
2021-03-25,130.33,133.24,129.77,133.07,116.82291142,5553966,0,1
2021-03-24,130.95,132.11,130.57,130.62,114.672042456,4005027,0,1
2021-03-23,130.44,131.56,129.8,130.46,114.531577544,4356359,0,1
2021-03-22,128.5,130.72,127.89,130.55,114.610589057,4164914,0,1
2021-03-19,130.02,130.44,128.53,128.9,113.162044653,9844983,0,1
2021-03-18,128.94,130.995,127.79,130.06,114.180415265,5835669,0,1
2021-03-17,128.46,129.49,127.49,129.03,113.276172394,4291351,0,1
2021-03-16,128.28,128.52,127.34,128.24,112.582626892,4653178,0,1
2021-03-15,127.77,128.75,127.5401,128.58,112.881114829,3421281,0,1
2021-03-12,127.19,127.68,126.61,127.61,112.029546301,4010100,0,1
2021-03-11,128.09,128.64,126.78,127.14,111.616930622,5146937,0,1
2021-03-10,125.05,128.24,124.61,127.87,112.257801783,7247807,0,1
2021-03-09,125.4,126.43,124.16,124.18,109.018329752,5609029,0,1
2021-03-08,122.99,126.85,122.88,124.81,109.571410343,7239191,0,1
2021-03-05,120.64,123.75,120.25,122.83,107.833157058,6949265,0,1
2021-03-04,122,123.22,118.755,120.11,105.445253556,8068492,0,1
2021-03-03,120.5,122.634,119.98,122.36,107.420541379,7404269,0,1
2021-03-02,120.74,121.9,120.26,120.33,105.638392809,4524299,0,1
2021-03-01,120.35,122.32,119.8649,120.74,105.998334146,5715767,0,1
2021-02-26,122.25,122.25,118.88,118.93,104.40932483,8868848,0,1
2021-02-25,123.37,124.35,122.335,122.47,107.517111006,5672671,0,1
2021-02-24,120.8,123.49,120.52,123.21,108.166761224,5819983,0,1
2021-02-23,120.92,121.35,119.8,120.71,105.971996975,4531464,0,1
2021-02-22,118.5,121.125,118.44,120.86,106.10368283,5838841,0,1
2021-02-19,120.75,120.76,118.38,118.99,104.461999172,6578741,0,1
2021-02-18,120.5,120.94,119.7,120.73,105.989555089,5399145,0,1
2021-02-17,119.27,120.56,119.02,119.97,105.322346758,3949876,0,1
2021-02-16,120.15,120.6,119.36,120.07,105.410137328,6639790,0,1
2021-02-12,121,121.36,120.09,120.8,106.051008488,3871195,0,1
2021-02-11,122,122.205,120.63,120.91,106.147578115,5381556,0,1
2021-02-10,123.03,123.41,121.2138,122.24,107.315192695,4831858,0,1
2021-02-09,121.9,122.5953,121.05,122.1,107.192285897,4661655,1.63,1
2021-02-08,122.62,123.9767,122.4,123.61,107.088325061,5887999,0,1
2021-02-05,121,121.81,120.52,121.79,105.511585706,4565727,0,1
2021-02-04,119.91,121.1,118.87,121.02,104.844503672,4562124,0,1
2021-02-03,119.04,119.8,118.12,119.12,103.198457093,6715366,0,1
2021-02-02,119.36,121,119.28,119.44,103.47568599,6311881,0,1
2021-02-01,119.9,120.95,118.73,120.54,104.428660325,6250508,0,1
2021-01-29,120.22,121.3,118.9,119.11,103.18979369,11825496,0,1
2021-01-28,122.8,123.2,120.07,120.08,104.030143785,8084051,0,1
2021-01-27,122.08,124.79,121.6214,122.47,106.100697113,12146541,0,1
2021-01-26,119.18,122.59,118.42,122.49,106.11802392,10694708,0,1
2021-01-25,118.7624,119.538,117.45,118.58,102.730633328,13686391,0,1
2021-01-22,120.7,120.7,117.36,118.61,102.756623537,38063533,0,1
2021-01-21,130.12,132.24,130.05,131.65,114.05370111,12819233,0,1
2021-01-20,129.7,131.06,128.56,130.08,112.693546832,5598705,0,1
2021-01-19,129.28,129.59,128.0885,129.02,111.775226109,5397956,0,1
2021-01-15,128.28,129.24,127.67,128.39,111.229431717,4905506,0,1
2021-01-14,128.02,130.16,127.55,128.97,111.731909094,7503180,0,1
2021-01-13,129.15,129.75,126.455,126.92,109.955911469,7677739,0,1
2021-01-12,129.09,129.85,127.94,129.21,111.939830767,3729068,0,1
2021-01-11,127.95,129.675,127.66,128.58,111.394036375,5602466,0,1
2021-01-08,128.57,129.32,126.98,128.53,111.35071936,4676487,0,1
2021-01-07,130.04,130.46,128.26,128.99,111.7492359,4507382,0,1
2021-01-06,126.9,131.88,126.72,129.29,112.009137991,7956740,0,1
2021-01-05,125.01,126.68,124.61,126.14,109.280166032,6114619,0,1
2021-01-04,125.85,125.9174,123.04,123.94,107.374217361,5179161,0,1
2020-12-31,124.22,126.03,123.99,125.88,109.054917552,3574696,0,1
2020-12-30,123.8,124.85,123.63,124.34,107.720753483,3380494,0,1
2020-12-29,125.35,125.48,123.24,123.8,107.252929719,3487007,0,1
2020-12-28,125.1,126.6,124.46,124.82,108.136596829,3583222,0,1
2020-12-24,125,125.1,124.21,124.69,108.02397259,1761122,0,1
2020-12-23,123.88,125.21,123.74,123.9,107.339563749,2693889,0,1
2020-12-22,123.31,124.22,122.41,123.61,107.088325061,4337757,0,1
2020-12-21,123.97,124.18,121.72,123.39,106.897730194,6115671,0,1
2020-12-18,125.59,126.4,124.97,125.85,109.028927343,7552845,0,1
2020-12-17,126.08,126.09,124.91,125.55,108.769025252,3787962,0,1
2020-12-16,125.93,126.5728,125.286,125.55,108.769025252,4530096,0,1
2020-12-15,124.39,125.93,123.44,125.93,109.098234568,4359601,0,1
2020-12-14,125.32,126.2435,123.47,123.53,107.019017836,5050023,0,1
2020-12-11,124.08,125.51,123.61,124.27,107.660109662,4481416,0,1
2020-12-10,126.35,126.93,124.94,124.96,108.257884472,4803172,0,1
2020-12-09,125.8,127.69,125.7,126.79,109.84328723,6513517,0,1
2020-12-08,125.32,126.33,124.64,125.71,108.907639701,5395024,0,1
2020-12-07,126.49,126.97,124.57,124.7,108.032635993,8318500,0,1
2020-12-04,123.97,127.38,123.64,127.2,110.198486755,5522760,0,1
2020-12-03,124.16,124.86,123.29,123.61,107.088325061,4548161,0,1
2020-12-02,122.85,124.64,122.41,124.62,107.963328768,3690737,0,1
2020-12-01,123.9,125.83,123.08,123.16,106.698471924,5099334,0,1
2020-11-30,124.1,125,123.09,123.52,107.010354433,5987991,0,1
2020-11-27,124.2,125.313,123.91,124.35,107.729416886,2091186,0,1
2020-11-25,122.93,124.33,122.11,124.2,107.599465841,4135894,0,1
2020-11-24,120.86,124.73,120.805,124.42,107.790060708,7535949,0,1
2020-11-23,117.43,120.515,117.27,120.09,104.038807188,5655119,0,1
2020-11-20,117.6,118.04,116.69,116.94,101.309835229,5024593,0,1
2020-11-19,116.54,117.45,115.89,117.18,101.517756902,3439648,0,1
2020-11-18,117.72,118.88,116.75,116.77,101.162557377,4606828,0,1
2020-11-17,117.6,118.54,117.07,117.7,101.96825386,4134455,0,1
2020-11-16,118.3,118.55,117.12,118.36,102.540038461,5293385,0,1
2020-11-13,115.19,117.37,115.01,116.85,101.231864601,4683512,0,1
2020-11-12,115.63,116.37,113.48,114.5,99.1959648852,6500799,0,1
2020-11-11,118.12,118.35,116.22,117.2,101.535083708,4289601,0,1
2020-11-10,116.69,118.17,116.25,117.91,102.150185324,5622756,0,1
2020-11-09,117.88,119.74,115.27,115.53,100.088295399,8992152,1.63,1
2020-11-06,115.08,115.1,113.39,114.04,97.4229191473,5249171,0,1
2020-11-05,113.3,115.29,113.01,114.77,98.0465488472,4902206,0,1
2020-11-04,112.33,113.91,111.16,111.9,95.5947444106,5800071,0,1
2020-11-03,114,115.65,113.63,114.16,97.5254336185,4204287,0,1
2020-11-02,112.65,113.8265,112.25,112.91,96.4575745434,5311497,0,1
2020-10-30,107.9,111.8,107.75,111.66,95.3897154682,7923882,0,1
2020-10-29,107.25,109.64,106.55,108.91,93.0404255028,6760241,0,1
2020-10-28,108.66,109.73,105.92,106.65,91.1097362948,9427321,0,1
2020-10-27,112.15,112.22,110.03,110.56,94.449999482,5936106,0,1
2020-10-26,114.45,114.9,111.84,112.22,95.8681163339,7203366,0,1
2020-10-23,116.5,116.62,115.53,116,99.0973221772,3893362,0,1
2020-10-22,115,116.06,112.98,115.76,98.8922932348,7858158,0,1
2020-10-21,116.66,117.6899,114.79,115.06,98.2942921527,9755308,0,1
2020-10-20,119.8,120.15,116.84,117.37,100.267695724,21501073,0,1
2020-10-19,126.8,127.35,125.08,125.52,107.230136894,7478735,0,1
2020-10-16,125.17,126.43,124.655,125.93,107.58039467,4714320,0,1
2020-10-15,124.08,125.215,123.85,124.89,106.69193592,3389301,0,1
2020-10-14,125.13,126.94,125.13,125.94,107.588937543,3730139,0,1
2020-10-13,126.57,127.15,124.46,125.1,106.871336245,5406088,0,1
2020-10-12,128.07,128.25,126.44,127.21,108.673882363,4635115,0,1
2020-10-09,132,132,127.6,127.79,109.169368974,8353704,0,1
2020-10-08,130.86,135.5,129.77,131.49,112.330231837,25288926,0,1
2020-10-07,122.67,124.39,122.32,124.07,105.991420367,2815663,0,1
2020-10-06,122.58,124.83,121.59,121.97,104.19741712,3872265,0,1
2020-10-05,121.84,122.75,121.05,122.01,104.231588611,3050949,0,1
2020-10-02,119.04,121.75,118.82,120.57,103.001414956,2925228,0,1
2020-10-01,122.36,123.3,120.355,121.09,103.445644331,3211661,0,1
2020-09-30,121.38,122.91,120.8,121.67,103.941130942,3261235,0,1
2020-09-29,121.41,122.1858,120.21,120.94,103.317501242,2130564,0,1
2020-09-28,120.57,122.33,120.41,121.73,103.992388178,3509576,0,1
2020-09-25,117.6,119.41,116.94,118.95,101.617469595,2953686,0,1
2020-09-24,118.1,119.515,116.48,118.09,100.882782551,3546160,0,1
2020-09-23,120.8,121.59,118.43,118.83,101.514955123,3939398,0,1
2020-09-22,120.33,121.45,119.53,120.51,102.95015772,2957809,0,1
2020-09-21,120.48,120.7,118.58,120.25,102.728043033,5311441,0,1
2020-09-18,124.26,124.92,122.65,122.76,104.872304056,5391570,0,1
2020-09-17,122.62,125.55,121.97,124.92,106.717564538,3171262,0,1
2020-09-16,122.71,125.82,122.71,124.22,106.119563456,3789458,0,1
2020-09-15,122.82,123.4,122.24,122.44,104.598932133,2915221,0,1
2020-09-14,122.36,123.38,121.76,122.09,104.299931592,3641887,0,1
2020-09-11,121.39,122.7,120.73,121.46,103.761730618,3548091,0,1
2020-09-10,122.53,123.5764,120.24,120.56,102.992872084,3978805,0,1
2020-09-09,122.13,123.7,121.29,122.26,104.445160426,3770678,0,1
2020-09-08,122.16,122.87,120.71,121.21,103.548158803,5210292,0,1
2020-09-04,124.35,125.35,121.24,122.3,104.479331916,6018238,0,1
2020-09-03,128.19,129.95,123.65,124.45,106.316049525,5716750,0,1
2020-09-02,123.72,128.7,123.575,128.18,109.502541006,6592430,0,1
2020-09-01,122.85,123.95,122.15,123.4,105.419047902,3155623,0,1
2020-08-31,125.25,125.25,123.03,123.31,105.342162049,4827879,0,1
2020-08-28,124.96,125.3,124.2187,125.07,106.845707627,3099940,0,1
2020-08-27,124.6,125.1,123.98,124.65,106.486906978,3422654,0,1
2020-08-26,124.95,125.12,123.95,124.17,106.076849093,3388687,0,1
2020-08-25,126,126.82,124.49,124.64,106.478364105,2977697,0,1
2020-08-24,123.79,126.06,123.36,125.68,107.366822855,4070816,0,1
2020-08-21,123.01,123.4842,122.31,123.16,105.21401896,3385051,0,1
2020-08-20,123.2,124.04,122.81,123.15,105.205476087,2561164,0,1
2020-08-19,124.83,125.5,123.5,123.84,105.794934297,3743949,0,1
2020-08-18,125,125.5,124.24,124.92,106.717564538,2882355,0,1
2020-08-17,125.25,125.59,124.41,124.44,106.307506653,3336459,0,1
2020-08-14,124.2,125.56,123.91,125.27,107.016565079,2963753,0,1
2020-08-13,125.96,126.39,124.77,125.03,106.811536136,3171258,0,1
2020-08-12,127.61,127.79,125.876,126.7,108.238195861,3530177,0,1
2020-08-11,128.76,130.47,126.61,126.75,108.280910224,5001176,0,1
2020-08-10,125.42,127.24,125.1849,127.11,108.588453637,3968295,0,1
2020-08-07,123.5,125.07,123.21,124.96,106.751736028,3651226,1.63,1
2020-08-06,125,126.26,125,126.12,106.355391009,3417131,0,1
2020-08-05,126.73,126.75,124.61,125.45,105.790388536,3675400,0,1
2020-08-04,123.82,125.86,123.82,125.84,106.119270573,3431366,0,1
2020-08-03,123.5,124.41,122.15,124.31,104.829041043,3526574,0,1
2020-07-31,122.71,122.99,121.09,122.94,103.673737478,5277652,0,1
2020-07-30,123.71,123.9046,121.64,122.9,103.640005987,3988062,0,1
2020-07-29,124.56,125.99,124.07,125.32,105.68076119,2833141,0,1
2020-07-28,125.82,126.34,124.15,124.47,104.963967007,4178176,0,1
2020-07-27,124.86,126.32,124.71,126.21,106.431286864,3733547,0,1
2020-07-24,126.48,127.6459,125.5,125.79,106.077106209,3531076,0,1
2020-07-23,129.1,129.37,127.15,127.33,107.375768611,4220136,0,1
2020-07-22,125.9,129.47,125.8,128.67,108.505773558,8195366,0,1
2020-07-21,131.16,132.17,125.8,126.06,106.304793773,15356679,0,1
2020-07-20,126.07,127.07,125.14,126.37,106.566212828,9737157,0,1
2020-07-17,124.39,125.63,123.2,125.11,105.503670862,3983972,0,1
2020-07-16,122.68,124.48,122.16,124.01,104.576054861,4328856,0,1
2020-07-15,122.4,123.96,122.15,123,103.724334714,4470095,0,1
2020-07-14,118.62,120.89,117.92,120.6,101.700445256,4531393,0,1
2020-07-13,119.78,120.99,118.66,119.2,100.519843073,4644595,0,1
2020-07-10,115.5,118.57,115.29,118.35,99.8030488896,4285088,0,1
2020-07-09,118,118,115.2,115.71,97.576770486,4760875,0,1
2020-07-08,118.06,118.64,116.48,117.71,99.2633450342,5191792,0,1
2020-07-07,119,119.51,117.33,117.58,99.1537176885,4278088,0,1
2020-07-06,121.25,121.85,119.46,120.19,101.354697474,4044188,0,1
2020-07-02,119.69,121.42,119.26,119.7,100.94148671,3745663,0,1
2020-07-01,120.27,121.23,118.37,118.54,99.9632734717,4657168,0,1
2020-06-30,119.19,121.2,119,120.77,101.843804093,3916381,0,1
2020-06-29,117.98,119.78,117.37,119.75,100.983651073,4159488,0,1
2020-06-26,118.26,118.99,116.26,117.19,98.8248356516,10749166,0,1
2020-06-25,116.76,119.21,116.1,119.03,100.376484236,6128720,0,1
2020-06-24,118.32,118.32,115.88,116.42,98.1755044506,6747421,0,1
2020-06-23,122.01,122.9,119.23,119.41,100.6969334,6628278,0,1
2020-06-22,122.12,122.5,120.53,121.07,102.096790275,4762601,0,1
2020-06-19,126.17,126.82,122.25,122.47,103.277392459,8098994,0,1
2020-06-18,123,124.4,122.33,124.16,104.702547952,2860286,0,1
2020-06-17,125.83,126.25,123.4,124.15,104.694115079,3153862,0,1
2020-06-16,125,127.5,123.16,125.15,105.537402353,5605791,0,1
2020-06-15,119.19,122.37,118.29,121.65,102.585896894,5148756,0,1
2020-06-12,121.25,123.12,119.28,121.91,102.805151585,6218003,0,1
2020-06-11,126.03,126.1,117.84,118.01,99.5163312164,11753674,0,1
2020-06-10,132.15,132.23,129.8,129.87,109.517718287,4725055,0,1
2020-06-09,133.52,133.6,131.02,131.87,111.204292835,5391520,0,1
2020-06-08,132.27,135.88,132.27,135.75,114.476247459,5368387,0,1
2020-06-05,133.89,134.23,131.75,132.06,111.364517417,5892718,0,1
2020-06-04,127.78,128.95,127.02,128.89,108.691296759,3864131,0,1
2020-06-03,127.15,129.6,127,129.05,108.826222722,3913804,0,1
2020-06-02,125.67,126,124.66,126,106.254196536,2976908,0,1
2020-06-01,124.64,125.75,124.03,124.89,105.318147662,2867306,0,1
2020-05-29,123.67,125.13,122.24,124.9,105.326580535,7929905,0,1
2020-05-28,126.87,126.97,124.22,124.53,105.014564244,3915224,0,1
2020-05-27,123.94,125.83,123.47,125.54,105.86628439,5725163,0,1
2020-05-26,121.3,122.62,121.01,121.76,102.678658494,5467436,0,1
2020-05-22,119.37,119.47,117.59,118.39,99.8367803805,4179906,0,1
2020-05-21,120.99,121.72,118.97,119.12,100.452380091,4018329,0,1
2020-05-20,120.93,122.47,120.6,121.38,102.35820933,3840563,0,1
2020-05-19,121.19,122.17,120.14,120.29,101.439026201,3239964,0,1
2020-05-18,119.88,122.36,119.75,121.56,102.510001039,4205425,0,1
2020-05-15,115.93,117.39,115.25,116.98,98.6477453241,4785773,0,1
2020-05-14,114.57,117.09,111.81,116.95,98.6224467058,5255607,0,1
2020-05-13,119.95,119.99,114.85,115.73,97.5936362314,5874676,0,1
2020-05-12,123.01,124.32,120.26,120.26,101.413727583,4779635,0,1
2020-05-11,121.81,123.45,120.67,122.59,103.378586932,3533382,0,1
2020-05-08,122.67,123.23,121.06,122.99,103.715901841,5002450,0,1
2020-05-07,122.98,123.26,120.85,121.23,102.231716239,4412047,1.63,1
2020-05-06,123.24,124.05,122.41,123.17,102.489667013,3861081,0,1
2020-05-05,123.39,124.32,122.47,122.58,101.998728444,3897761,0,1
2020-05-04,120.82,121.97,119.39,121.68,101.249839101,4016551,0,1
2020-05-01,123.19,123.47,121.39,121.87,101.407937962,4923913,0,1
2020-04-30,126.52,127.27,125.22,125.56,104.478384266,6630032,0,1
2020-04-29,128.88,129.31,127.53,128.69,107.08285498,5252734,0,1
2020-04-28,128.03,128.2,125.38,126.27,105.069174748,4775867,0,1
2020-04-27,125.56,126.99,125.47,125.92,104.777940003,4920443,0,1
2020-04-24,122.41,125,120.76,124.72,103.77942088,4985575,0,1
2020-04-23,119.57,123.03,119.12,121.35,100.975246342,6873899,0,1
2020-04-22,119.87,120.33,117.55,119.31,99.2777638326,7085901,0,1
2020-04-21,114,117.15,112.06,116.76,97.1559106956,14341304,0,1
2020-04-20,119.15,122.86,118.14,120.41,100.193073029,7965530,0,1
2020-04-17,119.3,120.39,117.92,120.12,99.9517642408,4964018,0,1
2020-04-16,119.01,119.75,114.42,115.73,96.2988484481,6438128,0,1
2020-04-15,119.12,120.19,116.76,118.69,98.7618622856,5632156,0,1
2020-04-14,123.46,125.18,122.62,123.91,103.105420472,5087292,0,1
2020-04-13,121.63,121.8,118.04,121.15,100.808826488,5118777,0,1
2020-04-09,120.48,122.92,120.17,121.5,101.100061233,5576210,0,1
2020-04-08,116.31,119.96,115.07,119.29,99.2611218472,5155987,0,1
2020-04-07,118.8,119.57,114.87,114.94,95.6414900253,5592463,0,1
2020-04-06,110.35,115.63,110.13,114.82,95.541638113,7026457,0,1
2020-04-03,108.92,110.07,104.92,106.34,88.4854363084,4538113,0,1
2020-04-02,105.37,110.32,105.14,110,91.5309196344,6327540,0,1
2020-04-01,106.36,109.92,104.52,105.14,87.4869171851,6111890,0,1
2020-03-31,112,113.81,110.17,110.93,92.304771955,6342167,0,1
2020-03-30,108.09,113.46,107.81,112.93,93.9689704938,5562501,0,1
2020-03-27,108.58,111.5,107.65,108.03,89.8916840737,6421470,0,1
2020-03-26,106.91,113.15,105.57,112.89,93.935686523,7153135,0,1
2020-03-25,105.48,112.48,102.83,105.85,88.0777076664,8646557,0,1
2020-03-24,99.99,106.04,99.26,105.48,87.7698309367,7967768,0,1
2020-03-23,94.6,97.74,90.56,94.77,78.8580477614,9718602,0,1
2020-03-20,100.92,100.99,94.71,95.39,79.3739493085,10543213,0,1
2020-03-19,102.33,103.69,98.24,100.34,83.492840692,8391294,0,1
2020-03-18,99.41,106.93,99.4,103.55,86.1638793468,8751994,0,1
2020-03-17,100.61,107.4,97.1,106.65,88.7433870819,8887501,0,1
2020-03-16,98,107.41,95,99.08,82.4443956126,10564044,0,1
2020-03-13,108.68,109.16,100.81,107.95,89.8251161322,12493419,0,1
2020-03-12,109.65,109.8,102.28,102.81,85.5481258874,12485925,0,1
2020-03-11,121.01,122.58,116.38,117.97,98.1627508116,8446480,0,1
2020-03-10,122.78,124.88,115.76,124.77,103.821025844,11403865,0,1
2020-03-09,120.16,122.41,117.28,117.81,98.0296149285,10750357,0,1
2020-03-06,126.7,128.33,124.52,127.73,106.284039681,8192525,0,1
2020-03-05,130.5,132.29,128.45,129.55,107.798460351,5445193,0,1
2020-03-04,131.58,134.28,129,134.22,111.684363939,4994682,0,1
2020-03-03,134.48,136.1,127.8,128.9,107.257595826,7893390,0,1
2020-03-02,130.75,134.44,127.95,134.3,111.750931881,8528971,0,1
2020-02-28,129.98,131.09,126.36,130.15,108.297719913,13009236,0,1
2020-02-27,137.24,138.69,133.01,133.11,110.76073375,8404903,0,1
2020-02-26,142.9,144.06,139.6,139.75,116.285872899,5407690,0,1
2020-02-25,146.51,147.07,141.26,141.71,117.916787467,6210878,0,1
2020-02-24,145.51,148.05,145.38,146.43,121.844296019,5447948,0,1
2020-02-21,151.04,151.04,148.84,149.84,124.681754528,3536740,0,1
2020-02-20,150.81,151.62,149.51,151.22,125.830051519,2880483,0,1
2020-02-19,151.54,151.89,150.31,150.86,125.530495782,2732905,0,1
2020-02-18,149.79,151.38,149.64,151.1,125.730199607,3343038,0,1
2020-02-14,154.42,154.56,149.77,150.7,125.397359899,6095081,0,1
2020-02-13,154.37,154.83,153.41,154.31,128.401238262,3819757,0,1
2020-02-12,153.75,155.6,153.52,155.31,129.233337531,4437792,0,1
2020-02-11,155.12,155.22,152.73,153.48,127.710595868,3833574,0,1
2020-02-10,152.97,154.44,151.58,154.43,128.501090174,5237553,0,1
2020-02-07,154.55,155.54,152.92,153.41,127.652348919,6414553,1.62,1
2020-02-06,156.82,158.75,155.42,156.76,129.076838138,8394374,0,1
2020-02-05,150.21,157.44,150.15,156.33,128.722774344,14379714,0,1
2020-02-04,147.78,149.38,146.88,149.11,122.777796216,5619700,0,1
2020-02-03,144.25,147.28,143.9,146.27,120.439328365,8886414,0,1
2020-01-31,142.9,144.05,140.79,143.73,118.347881766,18987138,0,1
2020-01-30,136.76,136.97,134.97,136.77,112.616988723,5007038,0,1
2020-01-29,139.17,139.58,137.6,137.69,113.374520562,3053189,0,1
2020-01-28,139.5,140.47,138.75,139.55,114.906052323,3449000,0,1
2020-01-27,138.5,140.07,138.1,138.62,114.140286443,4165146,0,1
2020-01-24,143.39,143.92,140.46,140.56,115.737690538,5579292,0,1
2020-01-23,144.2,144.41,142.15,142.87,117.639754177,5654308,0,1
2020-01-22,143.32,145.79,142.55,143.89,118.479626434,16464948,0,1
2020-01-21,137.81,139.35,137.6,139.17,114.593158738,7130819,0,1
2020-01-17,136.54,138.33,136.16,138.31,113.885031149,5622251,0,1
2020-01-16,137.32,138.19,137.01,137.98,113.613307772,4319896,0,1
2020-01-15,136,138.06,135.71,136.62,112.493478097,4045591,0,1
2020-01-14,136.28,137.14,135.55,135.82,111.834754759,3680958,0,1
2020-01-13,135.48,136.64,135.07,136.6,112.477010013,3162843,0,1
2020-01-10,137,137.87,136.31,136.69,112.551116389,3255398,0,1
2020-01-09,135.74,136.79,135.31,136.74,112.592286598,3730549,0,1
2020-01-08,134.51,135.86,133.92,135.31,111.41481863,4345952,0,1
2020-01-07,133.69,134.96,133.4,134.19,110.492605957,3267592,0,1
2020-01-06,133.42,134.24,133.2,134.1,110.418499581,2421128,0,1
2020-01-03,133.57,134.86,133.56,134.34,110.616116583,2373470,0,1
2020-01-02,135,135.92,134.77,135.42,111.505393089,3148461,0,1
2019-12-31,132.53,134.12,132.4,134.04,110.369095331,3777504,0,1
2019-12-30,135.2,135.3,132.5,132.81,109.356308198,4118929,0,1
2019-12-27,135,135.75,134.87,135.27,111.381882463,2752185,0,1
2019-12-26,134.98,135.31,134.65,134.91,111.085456961,2129654,0,1
2019-12-24,135.61,135.62,134.61,134.98,111.143095253,1202087,0,1
2019-12-23,135.78,136.15,135,135.55,111.612435632,2803158,0,1
2019-12-20,135.74,136.42,134.95,135.59,111.645371799,7111779,0,1
2019-12-19,134.46,134.73,134.19,134.56,110.797265501,3866494,0,1
2019-12-18,134.55,135,134.15,134.41,110.673754875,3101819,0,1
2019-12-17,134.28,134.69,133.46,134.22,110.517308082,2907186,0,1
2019-12-16,134.94,135.45,133.85,134.13,110.443201706,3049224,0,1
2019-12-13,134.75,135.5,134.01,134.21,110.50907404,2534970,0,1
2019-12-12,133.7,135.66,133.66,135.32,111.423052672,4824103,0,1
2019-12-11,134.11,134.51,133.67,133.76,110.138542162,3698494,0,1
2019-12-10,133.92,134.84,133.56,133.91,110.262052788,3478362,0,1
2019-12-09,133.35,134.59,133.26,133.92,110.27028683,2968310,0,1
2019-12-06,132.75,133.89,132.7,133.22,109.693903909,3437438,0,1
2019-12-05,132.99,133.24,131.63,131.91,108.615244443,3595312,0,1
2019-12-04,132.86,133.68,131.96,131.99,108.681116776,3530028,0,1
2019-12-03,132,132.44,130.69,132.12,108.788159319,3708102,0,1
2019-12-02,134.45,134.5,132.48,132.91,109.438648616,3066813,0,1
2019-11-29,133.6,134.52,133.03,134.45,110.706691042,1825255,0,1
2019-11-27,135.35,135.71,133.62,133.77,110.146776204,3280699,0,1
2019-11-26,136.15,136.15,134.77,135.09,111.233669712,3806859,0,1
2019-11-25,134.47,136,134.35,135.97,111.958265384,2590146,0,1
2019-11-22,134.19,134.65,133.59,134.34,110.616116583,3297397,0,1
2019-11-21,133.4,134.17,132.98,133.84,110.204414496,3322158,0,1
2019-11-20,134.06,134.46,132.75,133.2,109.677435826,4138165,0,1
2019-11-19,134.88,135.38,134.46,134.52,110.764329334,2995004,0,1
2019-11-18,134.3,134.48,133.23,134.31,110.591414458,3210383,0,1
2019-11-15,134.39,135.12,134.03,134.4,110.665520833,3262504,0,1
2019-11-14,134.13,134.33,133.33,134,110.336159164,4231231,0,1
2019-11-13,135.39,135.58,133.85,134.48,110.731393167,3060919,0,1
2019-11-12,135.87,136.66,135.02,135.59,111.645371799,3046496,0,1
2019-11-11,137.2,137.2,135,135.47,111.546563298,2568022,0,1
2019-11-08,137.58,137.61,136.16,137.61,113.308648228,2278446,0,1
2019-11-07,137.87,139.14,137.58,137.69,113.374520562,4073697,1.62,1
2019-11-06,138,138.78,137.55,138.78,112.943191182,4476362,0,1
2019-11-05,137.8,138.76,137.63,137.89,112.218883356,3012926,0,1
2019-11-04,136.24,137.74,136.23,137.67,112.039840972,3333510,0,1
2019-11-01,134.5,135.56,134.09,135.53,110.298246872,3088769,0,1
2019-10-31,135.11,135.25,133.23,133.73,108.833354639,3410851,0,1
2019-10-30,133.83,135.28,133.2,135.25,110.070374747,2252680,0,1
2019-10-29,135.42,135.57,133.44,133.82,108.90659925,4158483,0,1
2019-10-28,136,136.63,135.45,135.97,110.65633164,3225692,0,1
2019-10-25,134.12,135.93,134.1,135.44,110.22500226,2577995,0,1
2019-10-24,134.83,135.07,133.3,134.07,109.110056505,2619190,0,1
2019-10-23,133.52,134.57,132.7,134.38,109.362343501,3626724,0,1
2019-10-22,132.55,134.05,131.61,133.96,109.020535313,4193653,0,1
2019-10-21,132.61,133.1,130.9,132.58,107.897451268,6370639,0,1
2019-10-18,134.22,134.49,132.25,134.09,109.126333085,7177468,0,1
2019-10-17,135,136,132.91,134.26,109.264684019,15824614,0,1
2019-10-16,142.49,142.95,141.39,142.11,115.653241813,5835941,0,1
2019-10-15,142.54,143.72,141.81,143,116.37754964,3044933,0,1
2019-10-14,142.31,142.43,141.32,142.04,115.596273782,2325055,0,1
2019-10-11,142.77,144.5,142.61,142.76,116.182230675,3015458,0,1
2019-10-10,139.77,141.78,139.56,141.13,114.855689375,2619287,0,1
2019-10-09,139.77,140.33,138.79,139.67,113.667499008,2631860,0,1
2019-10-08,140.24,140.47,138.25,138.38,112.617659575,3342266,0,1
2019-10-07,142.26,142.7,141.22,141.28,114.977763728,2487737,0,1
2019-10-04,142.06,143.06,141.03,142.99,116.36941135,2447901,0,1
2019-10-03,141.62,142.07,139.18,142.02,115.579997202,3138743,0,1
2019-10-02,142.19,142.27,140.57,141.69,115.311433626,3347129,0,1
2019-10-01,145.59,147.35,143.54,143.66,116.914676792,2973628,0,1
2019-09-30,143.73,146.57,143.73,145.42,118.347015865,4004019,0,1
2019-09-27,144.41,145.09,142.38,143.24,116.572868604,2356682,0,1
2019-09-26,143.17,143.88,141.41,143.55,116.8251556,2313892,0,1
2019-09-25,141.74,143.63,140.86,143.16,116.507762283,2544628,0,1
2019-09-24,142.5,142.89,141.07,141.68,115.303295336,3311403,0,1
2019-09-23,141.19,142.22,140.56,142.07,115.620688653,1849558,0,1
2019-09-20,143.25,143.83,141.82,141.88,115.466061139,5217726,0,1
2019-09-19,142.46,145.03,142.45,142.97,116.353134769,3181790,0,1
2019-09-18,142.05,142.3,140.51,142.22,115.742763006,1994714,0,1
2019-09-17,142.48,142.48,140.66,142.2,115.726486425,2940494,0,1
2019-09-16,142.56,143.64,142.27,142.48,115.95435855,1928269,0,1
2019-09-13,144.32,144.65,143.26,143.67,116.922815082,2206605,0,1
2019-09-12,144.03,144.04,141.88,143.62,116.882123631,2504162,0,1
2019-09-11,144.85,145.12,142.71,143.6,116.865847051,3867963,0,1
2019-09-10,143,145.46,142.96,145.05,118.045899128,4979341,0,1
2019-09-09,140.59,143.02,140.46,142.6,116.052018033,4218622,0,1
2019-09-06,141.52,141.53,140.46,140.57,114.399945125,2576441,0,1
2019-09-05,138.3,141.7,138.05,140.97,114.725476732,5011628,0,1
2019-09-04,135.71,136.43,135.15,136.32,110.941171797,2247924,0,1
2019-09-03,134.85,134.9,133.33,134.1,109.134471376,2827919,0,1
2019-08-30,135.58,136.07,134.36,135.53,110.298246872,2960594,0,1
2019-08-29,134.18,135.69,134.04,134.88,109.76925801,2972842,0,1
2019-08-28,130.44,132.89,130.04,132.76,108.043940491,2713251,0,1
2019-08-27,131.2,131.7,130.31,131.17,106.749952352,4728392,0,1
2019-08-26,131.05,131.3,129.16,129.99,105.78963411,2836837,0,1
2019-08-23,133.63,134.26,128.83,129.57,105.447825922,4818759,0,1
2019-08-22,134.69,135.68,133.81,134.32,109.31351376,2695009,0,1
2019-08-21,134.96,135.94,133.8,134.25,109.256545728,2806774,0,1
2019-08-20,135.24,135.28,132.81,133,108.239259455,3018934,0,1
2019-08-19,134.88,136.33,134.88,135.04,109.899470653,3165436,0,1
2019-08-16,133.04,134.59,132.95,133.76,108.857769509,3011993,0,1
2019-08-15,131.22,132.37,130.25,131.92,107.360324115,3738945,0,1
2019-08-14,133.91,134.16,130.98,131.25,106.815058673,5114159,0,1
2019-08-13,133.8,136.57,132.81,135.79,110.509842417,4551170,0,1
2019-08-12,135.66,135.87,133.18,134.12,109.150747956,4516866,0,1
2019-08-09,139.27,139.31,135.35,136.13,110.786544283,5244594,0,1
2019-08-08,138.45,140.42,137.76,140.1,114.017445486,5261444,1.62,1
2019-08-07,138.74,139.58,136.41,139.11,111.917632244,5931883,0,1
2019-08-06,142.03,142.47,139.31,140.73,113.220964601,5070650,0,1
2019-08-05,144.98,145.1,139.15,140.76,113.245100386,7114871,0,1
2019-08-02,149.03,152.95,145.59,147.25,118.466475077,8101720,0,1
2019-08-01,148.9,152.82,148.5,150.32,120.936370347,6344006,0,1
2019-07-31,149.7,150.18,146.39,148.24,119.262955962,3722907,0,1
2019-07-30,150,150.4,149.22,149.77,120.493880966,2632726,0,1
2019-07-29,151.11,151.48,150.32,150.88,121.386904989,2075528,0,1
2019-07-26,151,151.41,150.1,151.36,121.773077539,2904494,0,1
2019-07-25,149.82,150.62,148.61,150.39,120.992687177,3102113,0,1
2019-07-24,150.12,151.45,149.2,150.03,120.703057764,2952435,0,1
2019-07-23,150.57,150.72,148.38,150.38,120.984641915,3742204,0,1
2019-07-22,150.16,151.94,149.7,149.74,120.469745182,4093239,0,1
2019-07-19,149.96,151.58,149.55,149.68,120.421473613,7290678,0,1
2019-07-18,142.5,150.31,142.2,149.63,120.381247305,12695387,0,1
2019-07-17,143.61,143.8,141.95,143.07,115.103555784,6064265,0,1
2019-07-16,143.17,144.04,143.02,143.53,115.473637812,3474688,0,1
2019-07-15,142.89,143.51,142.12,143.32,115.304687321,2368309,0,1
2019-07-12,141.92,142.92,141.66,142.74,114.838062156,2786276,0,1
2019-07-11,140.79,141.58,140.3,141.24,113.631272936,2133327,0,1
2019-07-10,140,141.91,139.79,140.47,113.011787803,2513931,0,1
2019-07-09,140.61,140.99,139.13,139.33,112.094627996,3365227,0,1
2019-07-08,141.05,141.29,140.27,140.57,113.092240418,2395487,0,1
2019-07-05,140.87,141.49,139.91,141.38,113.743906597,2135085,0,1
2019-07-03,140.72,141.82,140.43,141.54,113.87263078,1930361,0,1
2019-07-02,139.75,140.43,139.47,140.22,112.810656267,2410092,0,1
2019-07-01,139.6,141.49,139.28,139.88,112.537117377,3387184,0,1
2019-06-28,138.57,139.14,137.84,137.9,110.944155607,6154039,0,1
2019-06-27,138.72,139.3,137.95,138.52,111.442961817,2149824,0,1
2019-06-26,138.87,139.68,138.41,138.52,111.442961817,2284567,0,1
2019-06-25,139.46,139.55,138.13,138.36,111.314237634,2801251,0,1
2019-06-24,139.2,140.15,139.05,139.35,112.110718519,2186137,0,1
2019-06-21,138.44,139.54,138.39,139.2,111.990039597,5288759,0,1
2019-06-20,138.93,139.54,138.2,138.85,111.708455446,3071017,0,1
2019-06-19,136.43,138.36,136.24,137.08,110.284444166,2382520,0,1
2019-06-18,135.2,137.19,135.2,136.38,109.721275864,2914698,0,1
2019-06-17,135.39,136.03,134.7,134.95,108.570803474,2194129,0,1
2019-06-14,135.44,135.88,134.43,135.15,108.731708704,2193367,0,1
2019-06-13,135.13,136.27,135.09,135.76,109.222469653,2955419,0,1
2019-06-12,135.56,135.94,134.41,134.87,108.506441383,2254741,0,1
2019-06-11,135.32,136.46,135.05,135.95,109.375329621,3407345,0,1
2019-06-10,134.38,135.35,133.91,134.74,108.401852984,2911327,0,1
2019-06-07,132.47,134.72,132.21,133.31,107.251380594,2553398,0,1
2019-06-06,132.19,132.65,130.9,132.22,106.374447094,2298248,0,1
2019-06-05,133.38,133.61,130.47,131.49,105.787143007,3161584,0,1
2019-06-04,129.56,132.74,129.09,132.69,106.752574383,3913535,0,1
2019-06-03,127.1,128.56,127.06,128.27,103.196568816,4267080,0,1
2019-05-31,128.44,128.44,126.85,126.99,102.166775348,3539343,0,1
2019-05-30,129.74,129.97,128.93,129.57,104.242452806,2741880,0,1
2019-05-29,130,130.28,128.32,129.69,104.338995944,3678978,0,1
2019-05-28,132.13,132.64,130.27,130.46,104.958481076,4909121,0,1
2019-05-24,133.53,134.25,131.59,132.28,106.422718663,2596121,0,1
2019-05-23,135.13,135.13,130.44,132.39,106.511216539,5343437,0,1
2019-05-22,136,136.75,135.71,136.35,109.69714008,1849821,0,1
2019-05-21,136.12,137.06,135.79,136.45,109.777592694,2503504,0,1
2019-05-20,133.53,135.43,132.93,135.12,108.707572919,3264649,0,1
2019-05-17,134.68,135.41,133.94,134.32,108.063952002,2619135,0,1
2019-05-16,134.74,136.11,134.64,135.88,109.319012791,3017472,0,1
2019-05-15,132.59,134.59,132.37,134.4,108.128314094,2551009,0,1
2019-05-14,131.82,134.32,131.68,133.31,107.251380594,3280374,0,1
2019-05-13,133.28,133.57,130.96,131.42,105.730826177,4958021,0,1
2019-05-10,134.88,135.75,132.42,135.32,108.868478149,3977686,0,1
2019-05-09,134.89,135.58,133.03,135.34,108.884568672,4192942,1.62,1
2019-05-08,137.77,138.7,137.13,138,109.711379064,3818909,0,1
2019-05-07,139.15,139.51,136.19,137.64,109.425175467,4726771,0,1
2019-05-06,138.3,140.69,137.9,140.38,111.603502848,2793655,0,1
2019-05-03,139.7,141,139.63,140.25,111.500151549,2580034,0,1
2019-05-02,140.5,141.28,139.41,139.59,110.975444954,3541352,0,1
2019-05-01,140.55,141.81,140.17,140.56,111.746604647,3053683,0,1
2019-04-30,139.11,140.44,138.68,140.27,111.516051749,4638828,0,1
2019-04-29,139.15,139.63,138.81,139.05,110.546139557,2958333,0,1
2019-04-26,139.34,139.89,138.81,139.44,110.856193455,2319834,0,1
2019-04-25,139.7,139.75,137.71,138.63,110.21223536,2910113,0,1
2019-04-24,140.6,141.31,139.78,139.95,111.261648551,2774867,0,1
2019-04-23,139.15,140.92,138.94,140.44,111.651203448,4462240,0,1
2019-04-22,139.42,140.56,138.48,138.89,110.418937958,4494333,0,1
2019-04-18,139,140.49,138.7,140.33,111.563752349,4960015,0,1
2019-04-17,137.37,141.98,136.26,139.11,110.593840157,12525693,0,1
2019-04-16,144.4,145.39,144.02,145.14,115.387750416,6301671,0,1
2019-04-15,144.4,144.46,143.27,143.9,114.401938024,3603158,0,1
2019-04-12,144.26,144.44,143.7,144.35,114.759692521,2898899,0,1
2019-04-11,143.8,144.11,143.03,143.78,114.306536825,2941985,0,1
2019-04-10,142.2,143.5,141.98,143.02,113.70232923,2678310,0,1
2019-04-09,142.66,142.95,141.84,142.11,112.978870137,3038460,0,1
2019-04-08,143.02,143.42,142.87,143.39,113.996482928,2118228,0,1
2019-04-05,143.29,143.5,142.46,143.28,113.909031829,2731985,0,1
2019-04-04,143.62,144.14,142.54,142.78,113.511526832,2771462,0,1
2019-04-03,143.65,144.22,143.01,143.63,114.187285326,2681645,0,1
2019-04-02,143.35,143.95,142.6,143,113.686429031,2404920,0,1
2019-04-01,141.51,143.41,141.51,143.3,113.924932029,3984250,0,1
2019-03-29,140.5,141.22,140.15,141.1,112.175910043,3101454,0,1
2019-03-28,139.91,140.44,139.1,139.92,111.237798251,2663884,0,1
2019-03-27,140.41,140.49,138.4,139.24,110.697191456,3098233,0,1
2019-03-26,139.93,141.02,139.42,140.22,111.476301249,2553708,0,1
2019-03-25,139.06,139.91,138.35,139.18,110.649490856,2839766,0,1
2019-03-22,140.97,141.44,138.9,139.45,110.864143555,3877616,0,1
2019-03-21,139.1,142.12,138.88,141.44,112.446213441,3605420,0,1
2019-03-20,140.53,140.7,138.98,139.6,110.983395054,3649455,0,1
2019-03-19,140.96,141.7,140,140.49,111.690953948,3482336,0,1
2019-03-18,139.83,140.37,138.72,140.21,111.468351149,3268510,0,1
2019-03-15,139.37,140.33,139.23,139.43,110.848243355,7153687,0,1
2019-03-14,138.51,138.94,138.06,138.79,110.339436959,2738790,0,1
2019-03-13,138.05,139.32,137.85,138.56,110.156584661,3173179,0,1
2019-03-12,138.52,139.7,137.86,138.28,109.933981863,3954653,0,1
2019-03-11,136.03,137.73,135.84,137.71,109.480826166,3939517,0,1
2019-03-08,134.21,135.24,133.58,135.09,107.397899984,3773722,0,1
2019-03-07,136.61,136.89,134.63,135.36,107.612552682,4358802,0,1
2019-03-06,138.12,138.39,136.72,136.98,108.900468871,2768256,0,1
2019-03-05,138.37,138.74,137.56,137.88,109.615977865,4250650,0,1
2019-03-04,139.99,140.08,137.17,138.43,110.053233362,3407217,0,1
2019-03-01,139.31,140.04,138.64,139.2,110.665391056,3030044,0,1
2019-02-28,138.77,139.06,137.72,138.13,109.814730364,3457788,0,1
2019-02-27,139.25,139.57,138.4,139.17,110.641540757,2530968,0,1
2019-02-26,139.67,140.49,139.47,139.72,111.078796253,3060381,0,1
2019-02-25,140,140.47,139.32,139.46,110.872093655,3194161,0,1
2019-02-22,138.73,139.38,138.43,139.25,110.705141556,3113698,0,1
2019-02-21,137.82,138.35,137.35,137.84,109.584177466,2937467,0,1
2019-02-20,138.76,139.24,137.22,138,109.711379064,3801979,0,1
2019-02-19,137.81,138.7,137.36,138.7,110.26788606,3385675,0,1
2019-02-15,137.58,138.19,137.39,138.03,109.735229364,3844062,0,1
2019-02-14,137.17,137.6,136.21,136.48,108.502963875,2789839,0,1
2019-02-13,136.92,137.92,136.41,137.52,109.329774268,4253042,0,1
2019-02-12,135.15,136.2,134.86,136.05,108.161109578,3317161,0,1
2019-02-11,134.29,135.15,133.91,133.99,106.523388992,3095069,0,1
2019-02-08,132.34,133.71,132.19,133.71,106.300786194,3250074,0,1
2019-02-07,133.55,134.47,132.12,133.19,105.887380997,4379439,1.57,1
2019-02-06,135.22,136.65,135.17,136.32,107.113147652,4879670,0,1
2019-02-05,135.28,135.82,134.92,135.55,106.508121803,5398907,0,1
2019-02-04,134.02,135.2,132.99,135.19,106.225252575,3966597,0,1
2019-02-01,134.97,135.2,133.35,134.1,105.368787412,3806047,0,1
2019-01-31,134.45,134.72,133.74,134.42,105.620226726,4884031,0,1
2019-01-30,134,135.03,133.25,134.38,105.588796812,4500919,0,1
2019-01-29,134.29,135.41,133.6,134.33,105.549509419,5037129,0,1
2019-01-28,133.1,134.81,132.58,134.27,105.502364548,5357736,0,1
2019-01-25,132.87,134.44,132.43,133.97,105.266640191,5708500,0,1
2019-01-24,132.63,133.21,131.43,132.53,104.135163279,6322928,0,1
2019-01-23,131.37,135,130.31,132.89,104.418032507,22063666,0,1
2019-01-22,123.3,123.8,121.54,122.52,96.2698272467,10052384,0,1
2019-01-18,123.27,124.72,122.71,123.82,97.2912994587,6008509,0,1
2019-01-17,120.56,122.41,120.55,122.19,96.0105304544,5029871,0,1
2019-01-16,121.58,122,120.83,121.62,95.5626541768,3841100,0,1
2019-01-15,120.96,121.93,120.82,121.73,95.6490864409,3507719,0,1
2019-01-14,120.51,120.65,119.76,120.39,94.5961843146,5228909,0,1
2019-01-11,121.58,121.62,120.2,121.46,95.4369345199,3722370,0,1
2019-01-10,120.08,121.86,119.95,121.79,95.6962313122,3909971,0,1
2019-01-09,120.91,121.4,119.87,120.69,94.8319086712,3633663,0,1
2019-01-08,119.66,120.57,118.98,119.83,94.1561655156,4763636,0,1
2019-01-07,117.5,118.83,116.67,118.15,92.8361091185,3751204,0,1
2019-01-04,114.91,117.49,114.44,117.32,92.1839383985,4477755,0,1
2019-01-03,114.53,114.88,112.69,112.91,88.718790356,4346659,0,1
2019-01-02,112.01,115.98,111.69,115.21,90.5260104235,4239924,0,1
